{"cameraMode":{"drawMode":0,"name":"Shaded","section":"Shading Mode"},"sceneLighting":true,"audioPlay":false,"sceneViewState":{"showFog":true,"showMaterialUpdate":true,"showSkybox":false,"showFlares":true,"showImageEffects":true,"showParticleSystems":true},"in2DMode":false,"pivot":{"x":11.04944896697998,"y":0.9041734933853149,"z":34.79014587402344},"rotation":{"x":-0.016816386952996255,"y":-0.9484102129936218,"z":0.3125148117542267,"w":-0.05098365992307663},"size":25.496597290039064,"orthographic":false}