{"cameraMode":{"drawMode":0,"name":"Shaded","section":"Shading Mode"},"sceneLighting":false,"audioPlay":false,"sceneViewState":{"showFog":true,"showMaterialUpdate":true,"showSkybox":false,"showFlares":true,"showImageEffects":true,"showParticleSystems":true},"in2DMode":false,"pivot":{"x":-4.849967002868652,"y":-9.325819969177246,"z":11.832958221435547},"rotation":{"x":0.06277444213628769,"y":-0.5386267900466919,"z":-0.040345557034015658,"w":-0.8392539620399475},"size":18.625242233276368,"orthographic":false}