{"cameraMode":{"drawMode":0,"name":"Shaded","section":"Shading Mode"},"sceneLighting":false,"audioPlay":false,"sceneViewState":{"showFog":true,"showMaterialUpdate":true,"showSkybox":false,"showFlares":true,"showImageEffects":true,"showParticleSystems":true},"in2DMode":false,"pivot":{"x":3.9413599967956545,"y":-1.5335030555725098,"z":-4.394327163696289},"rotation":{"x":0.06734905391931534,"y":0.7841408848762512,"z":-0.08645261079072952,"w":0.6108407378196716},"size":10.655077934265137,"orthographic":false}