{"cameraMode":{"drawMode":0,"name":"Shaded","section":"Shading Mode"},"sceneLighting":false,"audioPlay":false,"sceneViewState":{"showFog":true,"showMaterialUpdate":false,"showSkybox":false,"showFlares":true,"showImageEffects":true,"showParticleSystems":true},"in2DMode":false,"pivot":{"x":10.53692626953125,"y":-73.68586730957031,"z":31.045455932617189},"rotation":{"x":-0.09454573690891266,"y":-0.05046761780977249,"z":0.004802381154149771,"w":-0.9942300319671631},"size":114.5037841796875,"orthographic":false}