{"cameraMode":{"drawMode":0,"name":"Shaded","section":"Shading Mode"},"sceneLighting":true,"audioPlay":false,"sceneViewState":{"showFog":true,"showMaterialUpdate":false,"showSkybox":true,"showFlares":true,"showImageEffects":true,"showParticleSystems":true},"in2DMode":false,"pivot":{"x":39.34343338012695,"y":3.23962140083313,"z":10.039016723632813},"rotation":{"x":-0.053087905049324039,"y":-0.8877981901168823,"z":0.10597813874483109,"w":-0.44472581148147585},"size":121.95245361328125,"orthographic":false}