{"cameraMode":{"drawMode":0,"name":"Shaded","section":"Shading Mode"},"sceneLighting":true,"audioPlay":false,"sceneViewState":{"showFog":true,"showMaterialUpdate":false,"showSkybox":true,"showFlares":true,"showImageEffects":true,"showParticleSystems":true},"in2DMode":false,"pivot":{"x":39.34343338012695,"y":3.23962140083313,"z":10.039016723632813},"rotation":{"x":-0.024402283132076265,"y":-0.7832893133163452,"z":0.030806075781583787,"w":-0.6204270720481873},"size":52.842227935791019,"orthographic":false}