{"cameraMode":{"drawMode":0,"name":"Shaded","section":"Shading Mode"},"sceneLighting":false,"audioPlay":false,"sceneViewState":{"showFog":true,"showMaterialUpdate":false,"showSkybox":true,"showFlares":true,"showImageEffects":true,"showParticleSystems":true},"in2DMode":false,"pivot":{"x":1.5975990295410157,"y":0.22999998927116395,"z":-2.198591709136963},"rotation":{"x":-0.2148536592721939,"y":-0.6515619158744812,"z":0.2009047120809555,"w":-0.6993979811668396},"size":0.7087666392326355,"orthographic":false}