{"cameraMode":{"drawMode":0,"name":"Shaded","section":"Shading Mode"},"sceneLighting":false,"audioPlay":false,"sceneViewState":{"showFog":true,"showMaterialUpdate":false,"showSkybox":true,"showFlares":true,"showImageEffects":true,"showParticleSystems":true},"in2DMode":false,"pivot":{"x":-460.44293212890627,"y":-147.9947967529297,"z":25.910167694091798},"rotation":{"x":-0.15605492889881135,"y":-0.6894747614860535,"z":0.6899508833885193,"w":-0.15609915554523469},"size":1249.1041259765625,"orthographic":false}