{"cameraMode":{"drawMode":0,"name":"Shaded","section":"Shading Mode"},"sceneLighting":false,"audioPlay":false,"sceneViewState":{"showFog":true,"showMaterialUpdate":false,"showSkybox":true,"showFlares":true,"showImageEffects":true,"showParticleSystems":true},"in2DMode":false,"pivot":{"x":2.007143259048462,"y":-0.013094112277030945,"z":-1.7120771408081055},"rotation":{"x":-0.13635770976543427,"y":0.7613860368728638,"z":-0.6122900247573853,"w":-0.16452042758464814},"size":1.236618995666504,"orthographic":false}