{"cameraMode":{"drawMode":0,"name":"Shaded","section":"Shading Mode"},"sceneLighting":false,"audioPlay":false,"sceneViewState":{"showFog":true,"showMaterialUpdate":false,"showSkybox":true,"showFlares":true,"showImageEffects":true,"showParticleSystems":true},"in2DMode":false,"pivot":{"x":1.97413969039917,"y":0.19162774085998536,"z":-1.5074187517166138},"rotation":{"x":-0.4740557372570038,"y":0.321241557598114,"z":-0.18813875317573548,"w":-0.7980647087097168},"size":2.541351556777954,"orthographic":false}