{"cameraMode":{"drawMode":0,"name":"Shaded","section":"Shading Mode"},"sceneLighting":true,"audioPlay":false,"sceneViewState":{"showFog":true,"showMaterialUpdate":false,"showSkybox":true,"showFlares":true,"showImageEffects":true,"showParticleSystems":true},"in2DMode":false,"pivot":{"x":556.0930786132813,"y":-3.185009479522705,"z":4.372313499450684},"rotation":{"x":-0.1014130711555481,"y":-0.8692179322242737,"z":0.2000570297241211,"w":-0.44062620401382449},"size":20.31181526184082,"orthographic":false}