{"cameraMode":{"drawMode":0,"name":"Shaded","section":"Shading Mode"},"sceneLighting":false,"audioPlay":false,"sceneViewState":{"showFog":false,"showMaterialUpdate":false,"showSkybox":false,"showFlares":false,"showImageEffects":false,"showParticleSystems":false},"in2DMode":false,"pivot":{"x":-0.4329465925693512,"y":1.0612499713897706,"z":30.921432495117189},"rotation":{"x":0.05322087183594704,"y":0.9274368286132813,"z":-0.1447218805551529,"w":0.3408251404762268},"size":14.995743751525879,"orthographic":false}