{"cameraMode":{"drawMode":0,"name":"Shaded","section":"Shading Mode"},"sceneLighting":false,"audioPlay":false,"sceneViewState":{"showFog":false,"showMaterialUpdate":false,"showSkybox":false,"showFlares":false,"showImageEffects":false,"showParticleSystems":false},"in2DMode":false,"pivot":{"x":-2.671511650085449,"y":-0.7190418243408203,"z":19.871971130371095},"rotation":{"x":0.3618726432323456,"y":-0.2660389840602875,"z":0.10824986547231674,"w":0.8869301080703735},"size":18.516056060791017,"orthographic":false}