{"cameraMode":{"drawMode":0,"name":"Shaded","section":"Shading Mode"},"sceneLighting":false,"audioPlay":false,"sceneViewState":{"showFog":false,"showMaterialUpdate":false,"showSkybox":false,"showFlares":false,"showImageEffects":false,"showParticleSystems":false},"in2DMode":false,"pivot":{"x":114.9140625,"y":-33.78839874267578,"z":45.99235916137695},"rotation":{"x":-0.35215267539024355,"y":-0.04536810517311096,"z":0.017379680648446084,"w":-0.9347319602966309},"size":59.78071212768555,"orthographic":false}