{"cameraMode":{"drawMode":0,"name":"Shaded","section":"Shading Mode"},"sceneLighting":false,"audioPlay":false,"sceneViewState":{"showFog":false,"showMaterialUpdate":false,"showSkybox":false,"showFlares":false,"showImageEffects":false,"showParticleSystems":false},"in2DMode":false,"pivot":{"x":-79.46613311767578,"y":-247.94444274902345,"z":378.71588134765627},"rotation":{"x":-0.12492333352565766,"y":0.8712184429168701,"z":-0.37691131234169009,"w":-0.2887740433216095},"size":432.011962890625,"orthographic":false}