{"cameraMode":{"drawMode":0,"name":"Shaded","section":"Shading Mode"},"sceneLighting":false,"audioPlay":false,"sceneViewState":{"showFog":true,"showMaterialUpdate":true,"showSkybox":false,"showFlares":true,"showImageEffects":true,"showParticleSystems":true},"in2DMode":false,"pivot":{"x":-4.849967002868652,"y":-9.325819969177246,"z":11.832958221435547},"rotation":{"x":0.1931145340204239,"y":-0.3715363144874573,"z":0.07930885255336762,"w":0.9046575427055359},"size":34.492923736572269,"orthographic":false}