{"cameraMode":{"drawMode":0,"name":"Shaded","section":"Shading Mode"},"sceneLighting":false,"audioPlay":false,"sceneViewState":{"showFog":false,"showMaterialUpdate":false,"showSkybox":false,"showFlares":false,"showImageEffects":false,"showParticleSystems":false},"in2DMode":false,"pivot":{"x":13.064704895019532,"y":-5.4163970947265629,"z":24.745088577270509},"rotation":{"x":0.3618726432323456,"y":-0.2660389840602875,"z":0.10824986547231674,"w":0.8869301080703735},"size":37.37688446044922,"orthographic":false}