{"cameraMode":{"drawMode":0,"name":"Shaded","section":"Shading Mode"},"sceneLighting":false,"audioPlay":false,"sceneViewState":{"showFog":false,"showMaterialUpdate":false,"showSkybox":false,"showFlares":false,"showImageEffects":false,"showParticleSystems":false},"in2DMode":false,"pivot":{"x":0.00000286102294921875,"y":3.038109302520752,"z":27.529979705810548},"rotation":{"x":-0.19695094227790833,"y":0.6584537029266357,"z":-0.18458722531795503,"w":-0.7026051878929138},"size":7.071071147918701,"orthographic":false}