{"cameraMode":{"drawMode":0,"name":"Shaded","section":"Shading Mode"},"sceneLighting":false,"audioPlay":false,"sceneViewState":{"showFog":true,"showMaterialUpdate":true,"showSkybox":false,"showFlares":true,"showImageEffects":true,"showParticleSystems":true},"in2DMode":false,"pivot":{"x":0.2429516464471817,"y":0.2429516464471817,"z":0.2429516464471817},"rotation":{"x":-0.018408840522170068,"y":0.9737475514411926,"z":-0.08523407578468323,"w":-0.2102959007024765},"size":0.485756516456604,"orthographic":false}